-- phpMyAdmin SQL Dump
-- version 5.2.1
-- https://www.phpmyadmin.net/
--
-- Servidor: 127.0.0.1
-- Tiempo de generación: 21-09-2025 a las 04:05:29
-- Versión del servidor: 10.4.32-MariaDB
-- Versión de PHP: 8.2.12

SET SQL_MODE = "NO_AUTO_VALUE_ON_ZERO";
START TRANSACTION;
SET time_zone = "+00:00";


/*!40101 SET @OLD_CHARACTER_SET_CLIENT=@@CHARACTER_SET_CLIENT */;
/*!40101 SET @OLD_CHARACTER_SET_RESULTS=@@CHARACTER_SET_RESULTS */;
/*!40101 SET @OLD_COLLATION_CONNECTION=@@COLLATION_CONNECTION */;
/*!40101 SET NAMES utf8mb4 */;

--
-- Base de datos: `alquimia_esencial`
--

-- --------------------------------------------------------

--
-- Estructura de tabla para la tabla `aceites`
--

CREATE TABLE `aceites` (
  `id` int(11) NOT NULL,
  `nombre` varchar(255) DEFAULT NULL,
  `imagen_url` text DEFAULT NULL,
  `descripcion` text DEFAULT NULL,
  `beneficios` text DEFAULT NULL,
  `usos` text DEFAULT NULL,
  `precauciones` text DEFAULT NULL,
  `emociones_relacionadas` text DEFAULT NULL,
  `audio_url` text DEFAULT NULL,
  `video_url` text DEFAULT NULL,
  `fecha_agregado` datetime DEFAULT current_timestamp()
) ENGINE=InnoDB DEFAULT CHARSET=utf8mb4 COLLATE=utf8mb4_unicode_ci;

--
-- Volcado de datos para la tabla `aceites`
--

INSERT INTO `aceites` (`id`, `nombre`, `imagen_url`, `descripcion`, `beneficios`, `usos`, `precauciones`, `emociones_relacionadas`, `audio_url`, `video_url`, `fecha_agregado`) VALUES
(1, 'Lavanda', 'https://i0.wp.com/ornamentalis.com/wp-content/uploads/2019/04/lavanda-cultivo.jpg', 'Aceite calmante que ayuda a reducir el estrés y mejorar el sueño.', 'Relajación, sueño, alivio de ansiedad', 'Difusor, masaje, inhalación', 'Evitar contacto con ojos y mucosas', 'estrés, ansiedad, insomnio', 'https://cdn.example.com/audio/lavanda.mp3', 'https://youtube.com/shorts/lavanda001', '2025-07-11 10:03:18'),
(2, 'Menta', 'https://cdn.example.com/aceites/menta.jpg', 'Aceite refrescante útil para dolores de cabeza y concentración.', 'Descongestión, energía, concentración', 'Difusor, masaje, aplicación local', 'Diluir antes de aplicar; no usar en bebés', 'fatiga, falta de enfoque, dolor de cabeza', 'https://cdn.example.com/audio/menta.mp3', 'https://youtube.com/shorts/menta001', '2025-07-11 10:03:18'),
(3, 'Eucalipto', 'https://cdn.example.com/aceites/eucalipto.jpg', 'Excelente para vías respiratorias y purificación del ambiente.', 'Respiración, descongestión, purificación', 'Difusor, vahos, compresas', 'No usar en menores de 3 años sin diluir', 'resfriado, congestión, limpieza', 'https://cdn.example.com/audio/eucalipto.mp3', 'https://youtube.com/shorts/eucalipto001', '2025-07-11 10:03:18'),
(4, 'Árbol de Té', 'https://cdn.example.com/aceites/arbol_te.jpg', 'Aceite antibacteriano y antifúngico natural.', 'Antibacteriano, antifúngico, cicatrizante', 'Aplicación tópica diluida, limpieza', 'Siempre diluir antes de usar, no ingerir', 'irritación, infecciones, acné', NULL, NULL, '2025-07-11 10:03:18'),
(5, 'Naranja Dulce', 'https://cdn.example.com/aceites/naranja.jpg', 'Aceite cítrico que eleva el ánimo y energiza.', 'Energizante, antidepresivo, digestivo', 'Difusor, masaje, aromaterapia', 'Fotosensibilizante, evitar sol después del uso', 'tristeza, fatiga, estrés', NULL, NULL, '2025-07-11 10:03:18'),
(6, 'Romero', 'https://cdn.example.com/aceites/romero.jpg', 'Estimulante mental que mejora la concentración y memoria.', 'Concentración, memoria, estimulante', 'Difusor, inhalación, masaje en sienes', 'No usar en embarazo, epilepsia o hipertensión', 'falta de concentración, fatiga mental', NULL, NULL, '2025-07-11 10:03:18');

-- --------------------------------------------------------

--
-- Estructura de tabla para la tabla `chatlogs`
--

CREATE TABLE `chatlogs` (
  `id` int(11) NOT NULL,
  `usuario_id` int(11) DEFAULT NULL,
  `mensaje_usuario` text DEFAULT NULL,
  `respuesta_ia` text DEFAULT NULL,
  `tema` varchar(255) DEFAULT NULL,
  `fecha` datetime DEFAULT current_timestamp()
) ENGINE=InnoDB DEFAULT CHARSET=utf8mb4 COLLATE=utf8mb4_unicode_ci;

--
-- Volcado de datos para la tabla `chatlogs`
--

INSERT INTO `chatlogs` (`id`, `usuario_id`, `mensaje_usuario`, `respuesta_ia`, `tema`, `fecha`) VALUES
(1, 1, 'hola', '¡Hola! ???? Soy tu asistente de aromaterapia. Estoy aquí para ayudarte a encontrar los aceites esenciales perfectos para tu bienestar.\n\n¿En qué puedo ayudarte hoy? Puedes preguntarme sobre:\n• Aceites para relajación\n• Aceites para energía\n• Cómo usar aceites de forma segura\n• Aceites específicos', 'saludo', '2025-07-13 13:24:02'),
(2, 1, 'rwlajacuion', 'Entiendo que quieres saber sobre aceites esenciales. Puedo ayudarte con:\n\n???? Recomendaciones para relajación\n???? Aceites para energía y concentración\n???? Información sobre aceites específicos\n???? Consejos de uso seguro\n\n¿Sobre qué te gustaría saber más?', 'general', '2025-07-13 13:24:24'),
(3, 1, 'relajacion remcoemidame', 'Entiendo que quieres saber sobre aceites esenciales. Puedo ayudarte con:\n\n???? Recomendaciones para relajación\n???? Aceites para energía y concentración\n???? Información sobre aceites específicos\n???? Consejos de uso seguro\n\n¿Sobre qué te gustaría saber más?', 'general', '2025-07-13 13:24:38'),
(4, 1, 'la primera opcion', 'Entiendo que quieres saber sobre aceites esenciales. Puedo ayudarte con:\n\n???? Recomendaciones para relajación\n???? Aceites para energía y concentración\n???? Información sobre aceites específicos\n???? Consejos de uso seguro\n\n¿Sobre qué te gustaría saber más?', 'general', '2025-07-13 13:24:58'),
(5, 1, 'de uso seguro', '⚠️ **Consejos de seguridad importantes:**\n\n• Siempre diluye los aceites antes de aplicar en la piel\n• Usa aceites portadores (coco, jojoba, almendras)\n• Haz una prueba de parche antes del primer uso\n• No ingieras aceites esenciales\n• Evita el contacto con ojos y mucosas\n• Consulta a un médico si estás embarazada o tienes condiciones médicas', 'seguridad', '2025-07-13 13:25:07'),
(6, 1, '¿Qué aceite me recomiendas para relajarme?', 'Entiendo que quieres saber sobre aceites esenciales. Puedo ayudarte con:\n\n???? Recomendaciones para relajación\n???? Aceites para energía y concentración\n???? Información sobre aceites específicos\n???? Consejos de uso seguro\n\n¿Sobre qué te gustaría saber más?', 'general', '2025-07-13 14:23:13'),
(7, 1, 'un aceite para el cabello', 'Entiendo que quieres saber sobre aceites esenciales. Puedo ayudarte con:\n\n???? Recomendaciones para relajación\n???? Aceites para energía y concentración\n???? Información sobre aceites específicos\n???? Consejos de uso seguro\n\n¿Sobre qué te gustaría saber más?', 'general', '2025-07-13 14:36:34'),
(8, 1, '???? Recomendaciones para relajación', 'Entiendo que quieres saber sobre aceites esenciales. Puedo ayudarte con:\n\n???? Recomendaciones para relajación\n???? Aceites para energía y concentración\n???? Información sobre aceites específicos\n???? Consejos de uso seguro\n\n¿Sobre qué te gustaría saber más?', 'general', '2025-07-13 14:36:50'),
(9, 1, '???? Recomendaciones para relajación', 'Entiendo que quieres saber sobre aceites esenciales. Puedo ayudarte con:\n\n???? Recomendaciones para relajación\n???? Aceites para energía y concentración\n???? Información sobre aceites específicos\n???? Consejos de uso seguro\n\n¿Sobre qué te gustaría saber más?', 'general', '2025-07-13 14:36:58'),
(10, 1, 'nada', 'Entiendo que quieres saber sobre aceites esenciales. Puedo ayudarte con:\n\n???? Recomendaciones para relajación\n???? Aceites para energía y concentración\n???? Información sobre aceites específicos\n???? Consejos de uso seguro\n\n¿Sobre qué te gustaría saber más?', 'general', '2025-07-13 14:37:01'),
(11, 1, '¿Qué aceite me recomiendas para relajarme?', 'Entiendo que quieres saber sobre aceites esenciales. Puedo ayudarte con:\n\n???? Recomendaciones para relajación\n???? Aceites para energía y concentración\n???? Información sobre aceites específicos\n???? Consejos de uso seguro\n\n¿Sobre qué te gustaría saber más?', 'general', '2025-07-13 16:04:17'),
(12, 1, 'hola', '¡Hola! ???? Soy tu asistente de aromaterapia. Estoy aquí para ayudarte a encontrar los aceites esenciales perfectos para tu bienestar.\n\n¿En qué puedo ayudarte hoy? Puedes preguntarme sobre:\n• Aceites para relajación\n• Aceites para energía\n• Cómo usar aceites de forma segura\n• Aceites específicos', 'saludo', '2025-07-13 16:04:27'),
(13, 1, 'aceites para relajacion', 'Entiendo que quieres saber sobre aceites esenciales. Puedo ayudarte con:\n\n???? Recomendaciones para relajación\n???? Aceites para energía y concentración\n???? Información sobre aceites específicos\n???? Consejos de uso seguro\n\n¿Sobre qué te gustaría saber más?', 'general', '2025-07-13 16:04:38'),
(14, 1, 'relajacion', 'Entiendo que quieres saber sobre aceites esenciales. Puedo ayudarte con:\n\n???? Recomendaciones para relajación\n???? Aceites para energía y concentración\n???? Información sobre aceites específicos\n???? Consejos de uso seguro\n\n¿Sobre qué te gustaría saber más?', 'general', '2025-07-13 16:04:44'),
(15, 1, '¿Qué aceite me recomiendas para relajarme?', 'Entiendo que quieres saber sobre aceites esenciales. Puedo ayudarte con:\n\n???? Recomendaciones para relajación\n???? Aceites para energía y concentración\n???? Información sobre aceites específicos\n???? Consejos de uso seguro\n\n¿Sobre qué te gustaría saber más?', 'general', '2025-09-17 21:37:04'),
(16, 1, 'hol', 'Entiendo que quieres saber sobre aceites esenciales. Puedo ayudarte con:\n\n???? Recomendaciones para relajación\n???? Aceites para energía y concentración\n???? Información sobre aceites específicos\n???? Consejos de uso seguro\n\n¿Sobre qué te gustaría saber más?', 'general', '2025-09-20 21:00:58'),
(17, 1, 'recom', 'Entiendo que quieres saber sobre aceites esenciales. Puedo ayudarte con:\n\n???? Recomendaciones para relajación\n???? Aceites para energía y concentración\n???? Información sobre aceites específicos\n???? Consejos de uso seguro\n\n¿Sobre qué te gustaría saber más?', 'general', '2025-09-20 21:01:04'),
(18, 1, 'consejos d euso seguro', '⚠️ **Consejos de seguridad importantes:**\n\n• Siempre diluye los aceites antes de aplicar en la piel\n• Usa aceites portadores (coco, jojoba, almendras)\n• Haz una prueba de parche antes del primer uso\n• No ingieras aceites esenciales\n• Evita el contacto con ojos y mucosas\n• Consulta a un médico si estás embarazada o tienes condiciones médicas', 'seguridad', '2025-09-20 21:01:13');

-- --------------------------------------------------------

--
-- Estructura de tabla para la tabla `estadisticas_usuario`
--

CREATE TABLE `estadisticas_usuario` (
  `usuario_id` int(11) NOT NULL,
  `total_aceites_explorados` int(11) DEFAULT 0,
  `favoritos_total` int(11) DEFAULT 0,
  `tips_recibidos` int(11) DEFAULT 0,
  `tiempo_uso_app` int(11) DEFAULT 0,
  `ultimos_aceites` text DEFAULT NULL,
  `ultimo_login` datetime DEFAULT NULL
) ENGINE=InnoDB DEFAULT CHARSET=utf8mb4 COLLATE=utf8mb4_unicode_ci;

--
-- Volcado de datos para la tabla `estadisticas_usuario`
--

INSERT INTO `estadisticas_usuario` (`usuario_id`, `total_aceites_explorados`, `favoritos_total`, `tips_recibidos`, `tiempo_uso_app`, `ultimos_aceites`, `ultimo_login`) VALUES
(1, 0, 0, 0, 0, NULL, '2025-07-13 12:38:20'),
(2, 0, 0, 0, 0, NULL, '2025-07-13 12:38:20'),
(3, 0, 0, 0, 0, NULL, '2025-07-13 12:38:20'),
(4, 0, 0, 0, 0, NULL, '2025-07-13 12:38:20');

-- --------------------------------------------------------

--
-- Estructura de tabla para la tabla `favoritos`
--

CREATE TABLE `favoritos` (
  `id` int(11) NOT NULL,
  `usuario_id` int(11) DEFAULT NULL,
  `aceite_id` int(11) DEFAULT NULL,
  `fecha_agregado` datetime DEFAULT current_timestamp()
) ENGINE=InnoDB DEFAULT CHARSET=utf8mb4 COLLATE=utf8mb4_unicode_ci;

--
-- Volcado de datos para la tabla `favoritos`
--

INSERT INTO `favoritos` (`id`, `usuario_id`, `aceite_id`, `fecha_agregado`) VALUES
(1, 1, 1, '2025-07-13 15:48:17');

-- --------------------------------------------------------

--
-- Estructura de tabla para la tabla `historial_recomendaciones`
--

CREATE TABLE `historial_recomendaciones` (
  `id` int(11) NOT NULL,
  `usuario_id` int(11) DEFAULT NULL,
  `aceite_id` int(11) DEFAULT NULL,
  `recomendacion` text DEFAULT NULL,
  `fecha` datetime DEFAULT current_timestamp()
) ENGINE=InnoDB DEFAULT CHARSET=utf8mb4 COLLATE=utf8mb4_unicode_ci;

-- --------------------------------------------------------

--
-- Estructura de tabla para la tabla `imagenes_identificadas`
--

CREATE TABLE `imagenes_identificadas` (
  `id` int(11) NOT NULL,
  `usuario_id` int(11) DEFAULT NULL,
  `imagen_url` text DEFAULT NULL,
  `resultado` varchar(255) DEFAULT NULL,
  `probabilidad` float DEFAULT NULL,
  `fecha` datetime DEFAULT current_timestamp()
) ENGINE=InnoDB DEFAULT CHARSET=utf8mb4 COLLATE=utf8mb4_unicode_ci;

-- --------------------------------------------------------

--
-- Estructura de tabla para la tabla `logros`
--

CREATE TABLE `logros` (
  `id` int(11) NOT NULL,
  `nombre` varchar(255) DEFAULT NULL,
  `descripcion` text DEFAULT NULL,
  `nivel_requerido` varchar(50) DEFAULT NULL,
  `icono_url` text DEFAULT NULL
) ENGINE=InnoDB DEFAULT CHARSET=utf8mb4 COLLATE=utf8mb4_unicode_ci;

-- --------------------------------------------------------

--
-- Estructura de tabla para la tabla `notificaciones`
--

CREATE TABLE `notificaciones` (
  `id` int(11) NOT NULL,
  `titulo` varchar(255) DEFAULT NULL,
  `contenido` text DEFAULT NULL,
  `tipo` varchar(50) DEFAULT NULL,
  `fecha_envio` datetime DEFAULT current_timestamp()
) ENGINE=InnoDB DEFAULT CHARSET=utf8mb4 COLLATE=utf8mb4_unicode_ci;

--
-- Volcado de datos para la tabla `notificaciones`
--

INSERT INTO `notificaciones` (`id`, `titulo`, `contenido`, `tipo`, `fecha_envio`) VALUES
(1, 'Bienvenido a Alquimia Esencial', 'Descubre el poder de los aceites esenciales para tu bienestar', 'sistema', '2025-07-13 21:23:32'),
(2, 'Tip del día: Lavanda', 'La lavanda es perfecta para relajarte antes de dormir', 'tip', '2025-07-12 21:23:32'),
(3, 'Nuevo aceite disponible', 'Hemos agregado eucalipto a nuestra colección', 'promocion', '2025-07-11 21:23:32'),
(4, 'Bienvenido a Alquimia Esencial', 'Descubre el poder de los aceites esenciales para tu bienestar', 'sistema', '2025-07-13 21:39:19'),
(5, 'Tip del día: Lavanda', 'La lavanda es perfecta para relajarte antes de dormir', 'tip', '2025-07-12 21:39:19'),
(6, 'Nuevo aceite disponible', 'Hemos agregado eucalipto a nuestra colección', 'promocion', '2025-07-11 21:39:19');

-- --------------------------------------------------------

--
-- Estructura de tabla para la tabla `notificaciones_recibidas`
--

CREATE TABLE `notificaciones_recibidas` (
  `id` int(11) NOT NULL,
  `notificacion_id` int(11) DEFAULT NULL,
  `usuario_id` int(11) DEFAULT NULL,
  `fecha` datetime DEFAULT current_timestamp(),
  `leida` tinyint(1) DEFAULT 0
) ENGINE=InnoDB DEFAULT CHARSET=utf8mb4 COLLATE=utf8mb4_unicode_ci;

--
-- Volcado de datos para la tabla `notificaciones_recibidas`
--

INSERT INTO `notificaciones_recibidas` (`id`, `notificacion_id`, `usuario_id`, `fecha`, `leida`) VALUES
(1, 1, 1, '2025-07-13 21:23:32', 1),
(2, 2, 1, '2025-07-12 21:23:32', 1),
(3, 3, 1, '2025-07-11 21:23:32', 0),
(4, 4, 5, '2025-07-13 21:39:19', 0),
(5, 5, 5, '2025-07-12 21:39:19', 0),
(6, 6, 5, '2025-07-11 21:39:19', 0),
(7, 1, 1, '2025-07-13 15:21:19', 1),
(8, 2, 1, '2025-07-13 15:21:19', 1),
(9, 3, 1, '2025-07-13 15:21:19', 0),
(10, 4, 1, '2025-07-13 15:21:19', 0),
(11, 5, 1, '2025-07-13 15:21:19', 0),
(12, 6, 1, '2025-07-13 15:21:19', 0),
(13, 1, 2, '2025-07-13 15:21:19', 0),
(14, 2, 2, '2025-07-13 15:21:19', 0),
(15, 3, 2, '2025-07-13 15:21:19', 0),
(16, 4, 2, '2025-07-13 15:21:19', 0),
(17, 5, 2, '2025-07-13 15:21:19', 0),
(18, 6, 2, '2025-07-13 15:21:19', 0),
(19, 1, 5, '2025-07-13 15:21:19', 0),
(20, 2, 5, '2025-07-13 15:21:19', 0),
(21, 3, 5, '2025-07-13 15:21:19', 0),
(22, 4, 5, '2025-07-13 15:21:19', 0),
(23, 5, 5, '2025-07-13 15:21:19', 0),
(24, 6, 5, '2025-07-13 15:21:19', 0),
(25, 1, 4, '2025-07-13 15:21:19', 0),
(26, 2, 4, '2025-07-13 15:21:19', 0),
(27, 3, 4, '2025-07-13 15:21:19', 0),
(28, 4, 4, '2025-07-13 15:21:19', 0),
(29, 5, 4, '2025-07-13 15:21:19', 0),
(30, 6, 4, '2025-07-13 15:21:19', 0),
(31, 1, 3, '2025-07-13 15:21:19', 0),
(32, 2, 3, '2025-07-13 15:21:19', 0),
(33, 3, 3, '2025-07-13 15:21:19', 0),
(34, 4, 3, '2025-07-13 15:21:19', 0),
(35, 5, 3, '2025-07-13 15:21:19', 0),
(36, 6, 3, '2025-07-13 15:21:19', 0),
(37, 1, 1, '2025-07-13 15:21:23', 1),
(38, 2, 1, '2025-07-13 15:21:23', 1),
(39, 3, 1, '2025-07-13 15:21:23', 0),
(40, 4, 1, '2025-07-13 15:21:23', 0),
(41, 5, 1, '2025-07-13 15:21:23', 0),
(42, 6, 1, '2025-07-13 15:21:23', 0),
(43, 1, 2, '2025-07-13 15:21:23', 0),
(44, 2, 2, '2025-07-13 15:21:23', 0),
(45, 3, 2, '2025-07-13 15:21:23', 0),
(46, 4, 2, '2025-07-13 15:21:23', 0),
(47, 5, 2, '2025-07-13 15:21:23', 0),
(48, 6, 2, '2025-07-13 15:21:23', 0),
(49, 1, 5, '2025-07-13 15:21:23', 0),
(50, 2, 5, '2025-07-13 15:21:23', 0),
(51, 3, 5, '2025-07-13 15:21:23', 0),
(52, 4, 5, '2025-07-13 15:21:23', 0),
(53, 5, 5, '2025-07-13 15:21:23', 0),
(54, 6, 5, '2025-07-13 15:21:23', 0),
(55, 1, 4, '2025-07-13 15:21:23', 0),
(56, 2, 4, '2025-07-13 15:21:23', 0),
(57, 3, 4, '2025-07-13 15:21:23', 0),
(58, 4, 4, '2025-07-13 15:21:23', 0),
(59, 5, 4, '2025-07-13 15:21:23', 0),
(60, 6, 4, '2025-07-13 15:21:24', 0),
(61, 1, 3, '2025-07-13 15:21:24', 0),
(62, 2, 3, '2025-07-13 15:21:24', 0),
(63, 3, 3, '2025-07-13 15:21:24', 0),
(64, 4, 3, '2025-07-13 15:21:24', 0),
(65, 5, 3, '2025-07-13 15:21:24', 0),
(66, 6, 3, '2025-07-13 15:21:24', 0),
(67, 1, 1, '2025-07-13 15:21:26', 1),
(68, 2, 1, '2025-07-13 15:21:26', 1),
(69, 3, 1, '2025-07-13 15:21:26', 0),
(70, 4, 1, '2025-07-13 15:21:26', 0),
(71, 5, 1, '2025-07-13 15:21:26', 0),
(72, 6, 1, '2025-07-13 15:21:26', 0),
(73, 1, 2, '2025-07-13 15:21:26', 0),
(74, 2, 2, '2025-07-13 15:21:26', 0),
(75, 3, 2, '2025-07-13 15:21:26', 0),
(76, 4, 2, '2025-07-13 15:21:26', 0),
(77, 5, 2, '2025-07-13 15:21:26', 0),
(78, 6, 2, '2025-07-13 15:21:26', 0),
(79, 1, 5, '2025-07-13 15:21:26', 0),
(80, 2, 5, '2025-07-13 15:21:26', 0),
(81, 3, 5, '2025-07-13 15:21:26', 0),
(82, 4, 5, '2025-07-13 15:21:26', 0),
(83, 5, 5, '2025-07-13 15:21:26', 0),
(84, 6, 5, '2025-07-13 15:21:26', 0),
(85, 1, 4, '2025-07-13 15:21:26', 0),
(86, 2, 4, '2025-07-13 15:21:26', 0),
(87, 3, 4, '2025-07-13 15:21:26', 0),
(88, 4, 4, '2025-07-13 15:21:26', 0),
(89, 5, 4, '2025-07-13 15:21:26', 0),
(90, 6, 4, '2025-07-13 15:21:26', 0),
(91, 1, 3, '2025-07-13 15:21:26', 0),
(92, 2, 3, '2025-07-13 15:21:26', 0),
(93, 3, 3, '2025-07-13 15:21:26', 0),
(94, 4, 3, '2025-07-13 15:21:26', 0),
(95, 5, 3, '2025-07-13 15:21:26', 0),
(96, 6, 3, '2025-07-13 15:21:26', 0),
(97, 1, 1, '2025-07-13 15:21:50', 1),
(98, 2, 1, '2025-07-13 15:21:50', 1),
(99, 3, 1, '2025-07-13 15:21:50', 0),
(100, 4, 1, '2025-07-13 15:21:50', 0),
(101, 5, 1, '2025-07-13 15:21:50', 0),
(102, 6, 1, '2025-07-13 15:21:50', 0),
(103, 1, 2, '2025-07-13 15:21:50', 0),
(104, 2, 2, '2025-07-13 15:21:50', 0),
(105, 3, 2, '2025-07-13 15:21:50', 0),
(106, 4, 2, '2025-07-13 15:21:50', 0),
(107, 5, 2, '2025-07-13 15:21:50', 0),
(108, 6, 2, '2025-07-13 15:21:50', 0),
(109, 1, 5, '2025-07-13 15:21:50', 0),
(110, 2, 5, '2025-07-13 15:21:50', 0),
(111, 3, 5, '2025-07-13 15:21:50', 0),
(112, 4, 5, '2025-07-13 15:21:50', 0),
(113, 5, 5, '2025-07-13 15:21:50', 0),
(114, 6, 5, '2025-07-13 15:21:50', 0),
(115, 1, 4, '2025-07-13 15:21:50', 0),
(116, 2, 4, '2025-07-13 15:21:50', 0),
(117, 3, 4, '2025-07-13 15:21:50', 0),
(118, 4, 4, '2025-07-13 15:21:50', 0),
(119, 5, 4, '2025-07-13 15:21:50', 0),
(120, 6, 4, '2025-07-13 15:21:50', 0),
(121, 1, 3, '2025-07-13 15:21:50', 0),
(122, 2, 3, '2025-07-13 15:21:50', 0),
(123, 3, 3, '2025-07-13 15:21:50', 0),
(124, 4, 3, '2025-07-13 15:21:50', 0),
(125, 5, 3, '2025-07-13 15:21:50', 0),
(126, 6, 3, '2025-07-13 15:21:50', 0),
(127, 1, 1, '2025-07-13 15:30:12', 1),
(128, 2, 1, '2025-07-13 15:30:12', 1),
(129, 3, 1, '2025-07-13 15:30:12', 0),
(130, 4, 1, '2025-07-13 15:30:12', 0),
(131, 5, 1, '2025-07-13 15:30:12', 0),
(132, 6, 1, '2025-07-13 15:30:12', 0),
(133, 1, 2, '2025-07-13 15:30:12', 0),
(134, 2, 2, '2025-07-13 15:30:12', 0),
(135, 3, 2, '2025-07-13 15:30:12', 0),
(136, 4, 2, '2025-07-13 15:30:12', 0),
(137, 5, 2, '2025-07-13 15:30:12', 0),
(138, 6, 2, '2025-07-13 15:30:12', 0),
(139, 1, 5, '2025-07-13 15:30:12', 0),
(140, 2, 5, '2025-07-13 15:30:12', 0),
(141, 3, 5, '2025-07-13 15:30:12', 0),
(142, 4, 5, '2025-07-13 15:30:12', 0),
(143, 5, 5, '2025-07-13 15:30:12', 0),
(144, 6, 5, '2025-07-13 15:30:12', 0),
(145, 1, 4, '2025-07-13 15:30:12', 0),
(146, 2, 4, '2025-07-13 15:30:12', 0),
(147, 3, 4, '2025-07-13 15:30:12', 0),
(148, 4, 4, '2025-07-13 15:30:12', 0),
(149, 5, 4, '2025-07-13 15:30:12', 0),
(150, 6, 4, '2025-07-13 15:30:12', 0),
(151, 1, 3, '2025-07-13 15:30:12', 0),
(152, 2, 3, '2025-07-13 15:30:12', 0),
(153, 3, 3, '2025-07-13 15:30:12', 0),
(154, 4, 3, '2025-07-13 15:30:12', 0),
(155, 5, 3, '2025-07-13 15:30:12', 0),
(156, 6, 3, '2025-07-13 15:30:12', 0),
(157, 1, 1, '2025-07-13 15:30:15', 1),
(158, 2, 1, '2025-07-13 15:30:15', 1),
(159, 3, 1, '2025-07-13 15:30:15', 0),
(160, 4, 1, '2025-07-13 15:30:15', 0),
(161, 5, 1, '2025-07-13 15:30:15', 0),
(162, 6, 1, '2025-07-13 15:30:15', 0),
(163, 1, 2, '2025-07-13 15:30:15', 0),
(164, 2, 2, '2025-07-13 15:30:15', 0),
(165, 3, 2, '2025-07-13 15:30:15', 0),
(166, 4, 2, '2025-07-13 15:30:15', 0),
(167, 5, 2, '2025-07-13 15:30:15', 0),
(168, 6, 2, '2025-07-13 15:30:15', 0),
(169, 1, 5, '2025-07-13 15:30:15', 0),
(170, 2, 5, '2025-07-13 15:30:15', 0),
(171, 3, 5, '2025-07-13 15:30:15', 0),
(172, 4, 5, '2025-07-13 15:30:15', 0),
(173, 5, 5, '2025-07-13 15:30:15', 0),
(174, 6, 5, '2025-07-13 15:30:15', 0),
(175, 1, 4, '2025-07-13 15:30:15', 0),
(176, 2, 4, '2025-07-13 15:30:15', 0),
(177, 3, 4, '2025-07-13 15:30:15', 0),
(178, 4, 4, '2025-07-13 15:30:15', 0),
(179, 5, 4, '2025-07-13 15:30:15', 0),
(180, 6, 4, '2025-07-13 15:30:15', 0),
(181, 1, 3, '2025-07-13 15:30:15', 0),
(182, 2, 3, '2025-07-13 15:30:15', 0),
(183, 3, 3, '2025-07-13 15:30:15', 0),
(184, 4, 3, '2025-07-13 15:30:15', 0),
(185, 5, 3, '2025-07-13 15:30:15', 0),
(186, 6, 3, '2025-07-13 15:30:15', 0),
(187, 1, 1, '2025-07-13 15:30:31', 1),
(188, 2, 1, '2025-07-13 15:30:31', 1),
(189, 3, 1, '2025-07-13 15:30:31', 0),
(190, 4, 1, '2025-07-13 15:30:31', 0),
(191, 5, 1, '2025-07-13 15:30:31', 0),
(192, 6, 1, '2025-07-13 15:30:31', 0),
(193, 1, 2, '2025-07-13 15:30:31', 0),
(194, 2, 2, '2025-07-13 15:30:31', 0),
(195, 3, 2, '2025-07-13 15:30:31', 0),
(196, 4, 2, '2025-07-13 15:30:31', 0),
(197, 5, 2, '2025-07-13 15:30:31', 0),
(198, 6, 2, '2025-07-13 15:30:31', 0),
(199, 1, 5, '2025-07-13 15:30:31', 0),
(200, 2, 5, '2025-07-13 15:30:31', 0),
(201, 3, 5, '2025-07-13 15:30:31', 0),
(202, 4, 5, '2025-07-13 15:30:31', 0),
(203, 5, 5, '2025-07-13 15:30:31', 0),
(204, 6, 5, '2025-07-13 15:30:31', 0),
(205, 1, 4, '2025-07-13 15:30:31', 0),
(206, 2, 4, '2025-07-13 15:30:31', 0),
(207, 3, 4, '2025-07-13 15:30:31', 0),
(208, 4, 4, '2025-07-13 15:30:31', 0),
(209, 5, 4, '2025-07-13 15:30:31', 0),
(210, 6, 4, '2025-07-13 15:30:31', 0),
(211, 1, 3, '2025-07-13 15:30:31', 0),
(212, 2, 3, '2025-07-13 15:30:31', 0),
(213, 3, 3, '2025-07-13 15:30:31', 0),
(214, 4, 3, '2025-07-13 15:30:31', 0),
(215, 5, 3, '2025-07-13 15:30:31', 0),
(216, 6, 3, '2025-07-13 15:30:31', 0),
(217, 1, 1, '2025-07-13 15:47:44', 1),
(218, 2, 1, '2025-07-13 15:47:44', 1),
(219, 3, 1, '2025-07-13 15:47:44', 0),
(220, 4, 1, '2025-07-13 15:47:44', 0),
(221, 5, 1, '2025-07-13 15:47:44', 0),
(222, 6, 1, '2025-07-13 15:47:44', 0),
(223, 1, 2, '2025-07-13 15:47:44', 0),
(224, 2, 2, '2025-07-13 15:47:44', 0),
(225, 3, 2, '2025-07-13 15:47:44', 0),
(226, 4, 2, '2025-07-13 15:47:44', 0),
(227, 5, 2, '2025-07-13 15:47:44', 0),
(228, 6, 2, '2025-07-13 15:47:44', 0),
(229, 1, 5, '2025-07-13 15:47:44', 0),
(230, 2, 5, '2025-07-13 15:47:44', 0),
(231, 3, 5, '2025-07-13 15:47:44', 0),
(232, 4, 5, '2025-07-13 15:47:44', 0),
(233, 5, 5, '2025-07-13 15:47:44', 0),
(234, 6, 5, '2025-07-13 15:47:44', 0),
(235, 1, 4, '2025-07-13 15:47:44', 0),
(236, 2, 4, '2025-07-13 15:47:44', 0),
(237, 3, 4, '2025-07-13 15:47:44', 0),
(238, 4, 4, '2025-07-13 15:47:44', 0),
(239, 5, 4, '2025-07-13 15:47:44', 0),
(240, 6, 4, '2025-07-13 15:47:44', 0),
(241, 1, 3, '2025-07-13 15:47:44', 0),
(242, 2, 3, '2025-07-13 15:47:44', 0),
(243, 3, 3, '2025-07-13 15:47:44', 0),
(244, 4, 3, '2025-07-13 15:47:44', 0),
(245, 5, 3, '2025-07-13 15:47:44', 0),
(246, 6, 3, '2025-07-13 15:47:44', 0),
(247, 1, 1, '2025-07-13 15:47:45', 1),
(248, 2, 1, '2025-07-13 15:47:45', 1),
(249, 3, 1, '2025-07-13 15:47:45', 0),
(250, 4, 1, '2025-07-13 15:47:45', 0),
(251, 5, 1, '2025-07-13 15:47:45', 0),
(252, 6, 1, '2025-07-13 15:47:45', 0),
(253, 1, 2, '2025-07-13 15:47:45', 0),
(254, 2, 2, '2025-07-13 15:47:45', 0),
(255, 3, 2, '2025-07-13 15:47:45', 0),
(256, 4, 2, '2025-07-13 15:47:45', 0),
(257, 5, 2, '2025-07-13 15:47:45', 0),
(258, 6, 2, '2025-07-13 15:47:45', 0),
(259, 1, 5, '2025-07-13 15:47:45', 0),
(260, 2, 5, '2025-07-13 15:47:45', 0),
(261, 3, 5, '2025-07-13 15:47:45', 0),
(262, 4, 5, '2025-07-13 15:47:45', 0),
(263, 5, 5, '2025-07-13 15:47:45', 0),
(264, 6, 5, '2025-07-13 15:47:45', 0),
(265, 1, 4, '2025-07-13 15:47:45', 0),
(266, 2, 4, '2025-07-13 15:47:45', 0),
(267, 3, 4, '2025-07-13 15:47:45', 0),
(268, 4, 4, '2025-07-13 15:47:45', 0),
(269, 5, 4, '2025-07-13 15:47:45', 0),
(270, 6, 4, '2025-07-13 15:47:45', 0),
(271, 1, 3, '2025-07-13 15:47:45', 0),
(272, 2, 3, '2025-07-13 15:47:45', 0),
(273, 3, 3, '2025-07-13 15:47:45', 0),
(274, 4, 3, '2025-07-13 15:47:45', 0),
(275, 5, 3, '2025-07-13 15:47:45', 0),
(276, 6, 3, '2025-07-13 15:47:45', 0),
(277, 1, 1, '2025-07-13 15:47:46', 1),
(278, 2, 1, '2025-07-13 15:47:46', 1),
(279, 3, 1, '2025-07-13 15:47:46', 0),
(280, 4, 1, '2025-07-13 15:47:46', 0),
(281, 5, 1, '2025-07-13 15:47:46', 0),
(282, 6, 1, '2025-07-13 15:47:46', 0),
(283, 1, 2, '2025-07-13 15:47:46', 0),
(284, 2, 2, '2025-07-13 15:47:46', 0),
(285, 3, 2, '2025-07-13 15:47:46', 0),
(286, 4, 2, '2025-07-13 15:47:46', 0),
(287, 5, 2, '2025-07-13 15:47:46', 0),
(288, 6, 2, '2025-07-13 15:47:46', 0),
(289, 1, 5, '2025-07-13 15:47:46', 0),
(290, 2, 5, '2025-07-13 15:47:46', 0),
(291, 3, 5, '2025-07-13 15:47:46', 0),
(292, 4, 5, '2025-07-13 15:47:46', 0),
(293, 5, 5, '2025-07-13 15:47:46', 0),
(294, 6, 5, '2025-07-13 15:47:47', 0),
(295, 1, 4, '2025-07-13 15:47:47', 0),
(296, 2, 4, '2025-07-13 15:47:47', 0),
(297, 3, 4, '2025-07-13 15:47:47', 0),
(298, 4, 4, '2025-07-13 15:47:47', 0),
(299, 5, 4, '2025-07-13 15:47:47', 0),
(300, 6, 4, '2025-07-13 15:47:47', 0),
(301, 1, 3, '2025-07-13 15:47:47', 0),
(302, 2, 3, '2025-07-13 15:47:47', 0),
(303, 3, 3, '2025-07-13 15:47:47', 0),
(304, 4, 3, '2025-07-13 15:47:47', 0),
(305, 5, 3, '2025-07-13 15:47:47', 0),
(306, 6, 3, '2025-07-13 15:47:47', 0),
(307, 1, 1, '2025-07-13 15:47:52', 1),
(308, 2, 1, '2025-07-13 15:47:52', 1),
(309, 3, 1, '2025-07-13 15:47:52', 0),
(310, 4, 1, '2025-07-13 15:47:52', 0),
(311, 5, 1, '2025-07-13 15:47:52', 0),
(312, 6, 1, '2025-07-13 15:47:52', 0),
(313, 1, 2, '2025-07-13 15:47:52', 0),
(314, 2, 2, '2025-07-13 15:47:52', 0),
(315, 3, 2, '2025-07-13 15:47:52', 0),
(316, 4, 2, '2025-07-13 15:47:52', 0),
(317, 5, 2, '2025-07-13 15:47:52', 0),
(318, 6, 2, '2025-07-13 15:47:52', 0),
(319, 1, 5, '2025-07-13 15:47:52', 0),
(320, 2, 5, '2025-07-13 15:47:52', 0),
(321, 3, 5, '2025-07-13 15:47:52', 0),
(322, 4, 5, '2025-07-13 15:47:52', 0),
(323, 5, 5, '2025-07-13 15:47:52', 0),
(324, 6, 5, '2025-07-13 15:47:52', 0),
(325, 1, 4, '2025-07-13 15:47:52', 0),
(326, 2, 4, '2025-07-13 15:47:52', 0),
(327, 3, 4, '2025-07-13 15:47:52', 0),
(328, 4, 4, '2025-07-13 15:47:52', 0),
(329, 5, 4, '2025-07-13 15:47:52', 0),
(330, 6, 4, '2025-07-13 15:47:52', 0),
(331, 1, 3, '2025-07-13 15:47:52', 0),
(332, 2, 3, '2025-07-13 15:47:52', 0),
(333, 3, 3, '2025-07-13 15:47:52', 0),
(334, 4, 3, '2025-07-13 15:47:52', 0),
(335, 5, 3, '2025-07-13 15:47:52', 0),
(336, 6, 3, '2025-07-13 15:47:52', 0),
(337, 1, 1, '2025-07-13 15:48:27', 1),
(338, 2, 1, '2025-07-13 15:48:27', 1),
(339, 3, 1, '2025-07-13 15:48:27', 0),
(340, 4, 1, '2025-07-13 15:48:27', 0),
(341, 5, 1, '2025-07-13 15:48:27', 0),
(342, 6, 1, '2025-07-13 15:48:27', 0),
(343, 1, 2, '2025-07-13 15:48:27', 0),
(344, 2, 2, '2025-07-13 15:48:27', 0),
(345, 3, 2, '2025-07-13 15:48:27', 0),
(346, 4, 2, '2025-07-13 15:48:27', 0),
(347, 5, 2, '2025-07-13 15:48:27', 0),
(348, 6, 2, '2025-07-13 15:48:27', 0),
(349, 1, 5, '2025-07-13 15:48:27', 0),
(350, 2, 5, '2025-07-13 15:48:27', 0),
(351, 3, 5, '2025-07-13 15:48:27', 0),
(352, 4, 5, '2025-07-13 15:48:27', 0),
(353, 5, 5, '2025-07-13 15:48:27', 0),
(354, 6, 5, '2025-07-13 15:48:27', 0),
(355, 1, 4, '2025-07-13 15:48:27', 0),
(356, 2, 4, '2025-07-13 15:48:27', 0),
(357, 3, 4, '2025-07-13 15:48:27', 0),
(358, 4, 4, '2025-07-13 15:48:27', 0),
(359, 5, 4, '2025-07-13 15:48:27', 0),
(360, 6, 4, '2025-07-13 15:48:27', 0),
(361, 1, 3, '2025-07-13 15:48:27', 0),
(362, 2, 3, '2025-07-13 15:48:27', 0),
(363, 3, 3, '2025-07-13 15:48:27', 0),
(364, 4, 3, '2025-07-13 15:48:27', 0),
(365, 5, 3, '2025-07-13 15:48:27', 0),
(366, 6, 3, '2025-07-13 15:48:27', 0),
(367, 1, 1, '2025-07-13 15:48:30', 1),
(368, 2, 1, '2025-07-13 15:48:30', 1),
(369, 3, 1, '2025-07-13 15:48:30', 0),
(370, 4, 1, '2025-07-13 15:48:30', 0),
(371, 5, 1, '2025-07-13 15:48:30', 0),
(372, 6, 1, '2025-07-13 15:48:30', 0),
(373, 1, 2, '2025-07-13 15:48:30', 0),
(374, 2, 2, '2025-07-13 15:48:30', 0),
(375, 3, 2, '2025-07-13 15:48:30', 0),
(376, 4, 2, '2025-07-13 15:48:30', 0),
(377, 5, 2, '2025-07-13 15:48:30', 0),
(378, 6, 2, '2025-07-13 15:48:30', 0),
(379, 1, 5, '2025-07-13 15:48:30', 0),
(380, 2, 5, '2025-07-13 15:48:30', 0),
(381, 3, 5, '2025-07-13 15:48:30', 0),
(382, 4, 5, '2025-07-13 15:48:30', 0),
(383, 5, 5, '2025-07-13 15:48:30', 0),
(384, 6, 5, '2025-07-13 15:48:30', 0),
(385, 1, 4, '2025-07-13 15:48:30', 0),
(386, 2, 4, '2025-07-13 15:48:30', 0),
(387, 3, 4, '2025-07-13 15:48:30', 0),
(388, 4, 4, '2025-07-13 15:48:30', 0),
(389, 5, 4, '2025-07-13 15:48:30', 0),
(390, 6, 4, '2025-07-13 15:48:30', 0),
(391, 1, 3, '2025-07-13 15:48:30', 0),
(392, 2, 3, '2025-07-13 15:48:30', 0),
(393, 3, 3, '2025-07-13 15:48:30', 0),
(394, 4, 3, '2025-07-13 15:48:30', 0),
(395, 5, 3, '2025-07-13 15:48:30', 0),
(396, 6, 3, '2025-07-13 15:48:30', 0),
(397, 1, 1, '2025-07-13 15:54:53', 1),
(398, 2, 1, '2025-07-13 15:54:53', 1),
(399, 3, 1, '2025-07-13 15:54:53', 0),
(400, 4, 1, '2025-07-13 15:54:53', 0),
(401, 5, 1, '2025-07-13 15:54:53', 0),
(402, 6, 1, '2025-07-13 15:54:53', 0),
(403, 1, 2, '2025-07-13 15:54:53', 0),
(404, 2, 2, '2025-07-13 15:54:53', 0),
(405, 3, 2, '2025-07-13 15:54:53', 0),
(406, 4, 2, '2025-07-13 15:54:54', 0),
(407, 5, 2, '2025-07-13 15:54:54', 0),
(408, 6, 2, '2025-07-13 15:54:54', 0),
(409, 1, 5, '2025-07-13 15:54:54', 0),
(410, 2, 5, '2025-07-13 15:54:54', 0),
(411, 3, 5, '2025-07-13 15:54:54', 0),
(412, 4, 5, '2025-07-13 15:54:54', 0),
(413, 5, 5, '2025-07-13 15:54:54', 0),
(414, 6, 5, '2025-07-13 15:54:54', 0),
(415, 1, 4, '2025-07-13 15:54:54', 0),
(416, 2, 4, '2025-07-13 15:54:54', 0),
(417, 3, 4, '2025-07-13 15:54:54', 0),
(418, 4, 4, '2025-07-13 15:54:54', 0),
(419, 5, 4, '2025-07-13 15:54:54', 0),
(420, 6, 4, '2025-07-13 15:54:54', 0),
(421, 1, 3, '2025-07-13 15:54:54', 0),
(422, 2, 3, '2025-07-13 15:54:54', 0),
(423, 3, 3, '2025-07-13 15:54:54', 0),
(424, 4, 3, '2025-07-13 15:54:54', 0),
(425, 5, 3, '2025-07-13 15:54:54', 0),
(426, 6, 3, '2025-07-13 15:54:54', 0),
(427, 1, 1, '2025-07-13 15:55:07', 0),
(428, 2, 1, '2025-07-13 15:55:07', 0),
(429, 3, 1, '2025-07-13 15:55:07', 0),
(430, 4, 1, '2025-07-13 15:55:07', 0),
(431, 5, 1, '2025-07-13 15:55:07', 0),
(432, 6, 1, '2025-07-13 15:55:07', 0),
(433, 1, 2, '2025-07-13 15:55:07', 0),
(434, 2, 2, '2025-07-13 15:55:07', 0),
(435, 3, 2, '2025-07-13 15:55:07', 0),
(436, 4, 2, '2025-07-13 15:55:07', 0),
(437, 5, 2, '2025-07-13 15:55:07', 0),
(438, 6, 2, '2025-07-13 15:55:07', 0),
(439, 1, 5, '2025-07-13 15:55:07', 0),
(440, 2, 5, '2025-07-13 15:55:07', 0),
(441, 3, 5, '2025-07-13 15:55:07', 0),
(442, 4, 5, '2025-07-13 15:55:07', 0),
(443, 5, 5, '2025-07-13 15:55:07', 0),
(444, 6, 5, '2025-07-13 15:55:07', 0),
(445, 1, 4, '2025-07-13 15:55:07', 0),
(446, 2, 4, '2025-07-13 15:55:07', 0),
(447, 3, 4, '2025-07-13 15:55:07', 0),
(448, 4, 4, '2025-07-13 15:55:07', 0),
(449, 5, 4, '2025-07-13 15:55:07', 0),
(450, 6, 4, '2025-07-13 15:55:07', 0),
(451, 1, 3, '2025-07-13 15:55:07', 0),
(452, 2, 3, '2025-07-13 15:55:07', 0),
(453, 3, 3, '2025-07-13 15:55:07', 0),
(454, 4, 3, '2025-07-13 15:55:07', 0),
(455, 5, 3, '2025-07-13 15:55:07', 0),
(456, 6, 3, '2025-07-13 15:55:07', 0),
(457, 1, 1, '2025-07-13 15:55:18', 0),
(458, 2, 1, '2025-07-13 15:55:18', 0),
(459, 3, 1, '2025-07-13 15:55:18', 0),
(460, 4, 1, '2025-07-13 15:55:18', 0),
(461, 5, 1, '2025-07-13 15:55:18', 0),
(462, 6, 1, '2025-07-13 15:55:18', 0),
(463, 1, 2, '2025-07-13 15:55:18', 0),
(464, 2, 2, '2025-07-13 15:55:18', 0),
(465, 3, 2, '2025-07-13 15:55:18', 0),
(466, 4, 2, '2025-07-13 15:55:18', 0),
(467, 5, 2, '2025-07-13 15:55:18', 0),
(468, 6, 2, '2025-07-13 15:55:18', 0),
(469, 1, 5, '2025-07-13 15:55:18', 0),
(470, 2, 5, '2025-07-13 15:55:18', 0),
(471, 3, 5, '2025-07-13 15:55:18', 0),
(472, 4, 5, '2025-07-13 15:55:18', 0),
(473, 5, 5, '2025-07-13 15:55:18', 0),
(474, 6, 5, '2025-07-13 15:55:18', 0),
(475, 1, 4, '2025-07-13 15:55:18', 0),
(476, 2, 4, '2025-07-13 15:55:18', 0),
(477, 3, 4, '2025-07-13 15:55:18', 0),
(478, 4, 4, '2025-07-13 15:55:18', 0),
(479, 5, 4, '2025-07-13 15:55:18', 0),
(480, 6, 4, '2025-07-13 15:55:18', 0),
(481, 1, 3, '2025-07-13 15:55:18', 0),
(482, 2, 3, '2025-07-13 15:55:18', 0),
(483, 3, 3, '2025-07-13 15:55:18', 0),
(484, 4, 3, '2025-07-13 15:55:18', 0),
(485, 5, 3, '2025-07-13 15:55:18', 0),
(486, 6, 3, '2025-07-13 15:55:18', 0),
(487, 1, 1, '2025-07-13 16:04:51', 0),
(488, 2, 1, '2025-07-13 16:04:51', 0),
(489, 3, 1, '2025-07-13 16:04:51', 0),
(490, 4, 1, '2025-07-13 16:04:51', 0),
(491, 5, 1, '2025-07-13 16:04:51', 0),
(492, 6, 1, '2025-07-13 16:04:51', 0),
(493, 1, 2, '2025-07-13 16:04:51', 0),
(494, 2, 2, '2025-07-13 16:04:51', 0),
(495, 3, 2, '2025-07-13 16:04:51', 0),
(496, 4, 2, '2025-07-13 16:04:51', 0),
(497, 5, 2, '2025-07-13 16:04:51', 0),
(498, 6, 2, '2025-07-13 16:04:51', 0),
(499, 1, 5, '2025-07-13 16:04:51', 0),
(500, 2, 5, '2025-07-13 16:04:51', 0),
(501, 3, 5, '2025-07-13 16:04:51', 0),
(502, 4, 5, '2025-07-13 16:04:51', 0),
(503, 5, 5, '2025-07-13 16:04:51', 0),
(504, 6, 5, '2025-07-13 16:04:51', 0),
(505, 1, 4, '2025-07-13 16:04:51', 0),
(506, 2, 4, '2025-07-13 16:04:51', 0),
(507, 3, 4, '2025-07-13 16:04:51', 0),
(508, 4, 4, '2025-07-13 16:04:51', 0),
(509, 5, 4, '2025-07-13 16:04:51', 0),
(510, 6, 4, '2025-07-13 16:04:52', 0),
(511, 1, 3, '2025-07-13 16:04:52', 0),
(512, 2, 3, '2025-07-13 16:04:52', 0),
(513, 3, 3, '2025-07-13 16:04:52', 0),
(514, 4, 3, '2025-07-13 16:04:52', 0),
(515, 5, 3, '2025-07-13 16:04:52', 0),
(516, 6, 3, '2025-07-13 16:04:52', 0),
(517, 1, 1, '2025-07-13 16:04:57', 0),
(518, 2, 1, '2025-07-13 16:04:57', 0),
(519, 3, 1, '2025-07-13 16:04:57', 0),
(520, 4, 1, '2025-07-13 16:04:57', 0),
(521, 5, 1, '2025-07-13 16:04:57', 0),
(522, 6, 1, '2025-07-13 16:04:57', 0),
(523, 1, 2, '2025-07-13 16:04:57', 0),
(524, 2, 2, '2025-07-13 16:04:57', 0),
(525, 3, 2, '2025-07-13 16:04:57', 0),
(526, 4, 2, '2025-07-13 16:04:57', 0),
(527, 5, 2, '2025-07-13 16:04:57', 0),
(528, 6, 2, '2025-07-13 16:04:57', 0),
(529, 1, 5, '2025-07-13 16:04:57', 0),
(530, 2, 5, '2025-07-13 16:04:57', 0),
(531, 3, 5, '2025-07-13 16:04:57', 0),
(532, 4, 5, '2025-07-13 16:04:57', 0),
(533, 5, 5, '2025-07-13 16:04:57', 0),
(534, 6, 5, '2025-07-13 16:04:57', 0),
(535, 1, 4, '2025-07-13 16:04:57', 0),
(536, 2, 4, '2025-07-13 16:04:57', 0),
(537, 3, 4, '2025-07-13 16:04:57', 0),
(538, 4, 4, '2025-07-13 16:04:57', 0),
(539, 5, 4, '2025-07-13 16:04:57', 0),
(540, 6, 4, '2025-07-13 16:04:57', 0),
(541, 1, 3, '2025-07-13 16:04:57', 0),
(542, 2, 3, '2025-07-13 16:04:57', 0),
(543, 3, 3, '2025-07-13 16:04:57', 0),
(544, 4, 3, '2025-07-13 16:04:57', 0),
(545, 5, 3, '2025-07-13 16:04:57', 0),
(546, 6, 3, '2025-07-13 16:04:57', 0),
(547, 1, 1, '2025-07-13 16:05:02', 0),
(548, 2, 1, '2025-07-13 16:05:02', 0),
(549, 3, 1, '2025-07-13 16:05:02', 0),
(550, 4, 1, '2025-07-13 16:05:02', 0),
(551, 5, 1, '2025-07-13 16:05:02', 0),
(552, 6, 1, '2025-07-13 16:05:02', 0),
(553, 1, 2, '2025-07-13 16:05:02', 0),
(554, 2, 2, '2025-07-13 16:05:02', 0),
(555, 3, 2, '2025-07-13 16:05:02', 0),
(556, 4, 2, '2025-07-13 16:05:02', 0),
(557, 5, 2, '2025-07-13 16:05:02', 0),
(558, 6, 2, '2025-07-13 16:05:02', 0),
(559, 1, 5, '2025-07-13 16:05:02', 0),
(560, 2, 5, '2025-07-13 16:05:02', 0),
(561, 3, 5, '2025-07-13 16:05:02', 0),
(562, 4, 5, '2025-07-13 16:05:02', 0),
(563, 5, 5, '2025-07-13 16:05:02', 0),
(564, 6, 5, '2025-07-13 16:05:02', 0),
(565, 1, 4, '2025-07-13 16:05:02', 0),
(566, 2, 4, '2025-07-13 16:05:02', 0),
(567, 3, 4, '2025-07-13 16:05:02', 0),
(568, 4, 4, '2025-07-13 16:05:02', 0),
(569, 5, 4, '2025-07-13 16:05:02', 0),
(570, 6, 4, '2025-07-13 16:05:02', 0),
(571, 1, 3, '2025-07-13 16:05:02', 0),
(572, 2, 3, '2025-07-13 16:05:02', 0),
(573, 3, 3, '2025-07-13 16:05:02', 0),
(574, 4, 3, '2025-07-13 16:05:02', 0),
(575, 5, 3, '2025-07-13 16:05:02', 0),
(576, 6, 3, '2025-07-13 16:05:02', 0),
(577, 1, 1, '2025-07-13 16:14:06', 0),
(578, 2, 1, '2025-07-13 16:14:06', 0),
(579, 3, 1, '2025-07-13 16:14:06', 0),
(580, 4, 1, '2025-07-13 16:14:06', 0),
(581, 5, 1, '2025-07-13 16:14:06', 0),
(582, 6, 1, '2025-07-13 16:14:06', 0),
(583, 1, 2, '2025-07-13 16:14:06', 0),
(584, 2, 2, '2025-07-13 16:14:06', 0),
(585, 3, 2, '2025-07-13 16:14:06', 0),
(586, 4, 2, '2025-07-13 16:14:06', 0),
(587, 5, 2, '2025-07-13 16:14:06', 0),
(588, 6, 2, '2025-07-13 16:14:06', 0),
(589, 1, 5, '2025-07-13 16:14:06', 0),
(590, 2, 5, '2025-07-13 16:14:06', 0),
(591, 3, 5, '2025-07-13 16:14:06', 0),
(592, 4, 5, '2025-07-13 16:14:06', 0),
(593, 5, 5, '2025-07-13 16:14:06', 0),
(594, 6, 5, '2025-07-13 16:14:06', 0),
(595, 1, 4, '2025-07-13 16:14:06', 0),
(596, 2, 4, '2025-07-13 16:14:06', 0),
(597, 3, 4, '2025-07-13 16:14:06', 0),
(598, 4, 4, '2025-07-13 16:14:06', 0),
(599, 5, 4, '2025-07-13 16:14:06', 0),
(600, 6, 4, '2025-07-13 16:14:06', 0),
(601, 1, 3, '2025-07-13 16:14:06', 0),
(602, 2, 3, '2025-07-13 16:14:06', 0),
(603, 3, 3, '2025-07-13 16:14:06', 0),
(604, 4, 3, '2025-07-13 16:14:06', 0),
(605, 5, 3, '2025-07-13 16:14:06', 0),
(606, 6, 3, '2025-07-13 16:14:06', 0),
(607, 1, 1, '2025-07-13 16:14:13', 0),
(608, 2, 1, '2025-07-13 16:14:13', 0),
(609, 3, 1, '2025-07-13 16:14:13', 0),
(610, 4, 1, '2025-07-13 16:14:13', 0),
(611, 5, 1, '2025-07-13 16:14:13', 0),
(612, 6, 1, '2025-07-13 16:14:13', 0),
(613, 1, 2, '2025-07-13 16:14:13', 0),
(614, 2, 2, '2025-07-13 16:14:13', 0),
(615, 3, 2, '2025-07-13 16:14:13', 0),
(616, 4, 2, '2025-07-13 16:14:13', 0),
(617, 5, 2, '2025-07-13 16:14:13', 0),
(618, 6, 2, '2025-07-13 16:14:13', 0),
(619, 1, 5, '2025-07-13 16:14:13', 0),
(620, 2, 5, '2025-07-13 16:14:13', 0),
(621, 3, 5, '2025-07-13 16:14:13', 0),
(622, 4, 5, '2025-07-13 16:14:13', 0),
(623, 5, 5, '2025-07-13 16:14:13', 0),
(624, 6, 5, '2025-07-13 16:14:13', 0),
(625, 1, 4, '2025-07-13 16:14:13', 0),
(626, 2, 4, '2025-07-13 16:14:13', 0),
(627, 3, 4, '2025-07-13 16:14:13', 0),
(628, 4, 4, '2025-07-13 16:14:13', 0),
(629, 5, 4, '2025-07-13 16:14:13', 0),
(630, 6, 4, '2025-07-13 16:14:13', 0),
(631, 1, 3, '2025-07-13 16:14:13', 0),
(632, 2, 3, '2025-07-13 16:14:13', 0),
(633, 3, 3, '2025-07-13 16:14:13', 0),
(634, 4, 3, '2025-07-13 16:14:13', 0),
(635, 5, 3, '2025-07-13 16:14:13', 0),
(636, 6, 3, '2025-07-13 16:14:13', 0),
(637, 1, 1, '2025-07-13 16:14:14', 0),
(638, 2, 1, '2025-07-13 16:14:14', 0),
(639, 3, 1, '2025-07-13 16:14:14', 0),
(640, 4, 1, '2025-07-13 16:14:14', 0),
(641, 5, 1, '2025-07-13 16:14:14', 0),
(642, 6, 1, '2025-07-13 16:14:14', 0),
(643, 1, 2, '2025-07-13 16:14:14', 0),
(644, 2, 2, '2025-07-13 16:14:14', 0),
(645, 3, 2, '2025-07-13 16:14:14', 0),
(646, 4, 2, '2025-07-13 16:14:14', 0),
(647, 5, 2, '2025-07-13 16:14:14', 0),
(648, 6, 2, '2025-07-13 16:14:14', 0),
(649, 1, 5, '2025-07-13 16:14:14', 0),
(650, 2, 5, '2025-07-13 16:14:14', 0),
(651, 3, 5, '2025-07-13 16:14:14', 0),
(652, 4, 5, '2025-07-13 16:14:14', 0),
(653, 5, 5, '2025-07-13 16:14:14', 0),
(654, 6, 5, '2025-07-13 16:14:14', 0),
(655, 1, 4, '2025-07-13 16:14:14', 0),
(656, 2, 4, '2025-07-13 16:14:14', 0),
(657, 3, 4, '2025-07-13 16:14:14', 0),
(658, 4, 4, '2025-07-13 16:14:14', 0),
(659, 5, 4, '2025-07-13 16:14:14', 0),
(660, 6, 4, '2025-07-13 16:14:14', 0),
(661, 1, 3, '2025-07-13 16:14:14', 0),
(662, 2, 3, '2025-07-13 16:14:14', 0),
(663, 3, 3, '2025-07-13 16:14:14', 0),
(664, 4, 3, '2025-07-13 16:14:14', 0),
(665, 5, 3, '2025-07-13 16:14:14', 0),
(666, 6, 3, '2025-07-13 16:14:14', 0),
(667, 1, 1, '2025-07-14 21:16:36', 0),
(668, 2, 1, '2025-07-14 21:16:36', 0),
(669, 3, 1, '2025-07-14 21:16:36', 0),
(670, 4, 1, '2025-07-14 21:16:36', 0),
(671, 5, 1, '2025-07-14 21:16:36', 0),
(672, 6, 1, '2025-07-14 21:16:36', 0),
(673, 1, 2, '2025-07-14 21:16:36', 0),
(674, 2, 2, '2025-07-14 21:16:37', 0),
(675, 3, 2, '2025-07-14 21:16:37', 0),
(676, 4, 2, '2025-07-14 21:16:37', 0),
(677, 5, 2, '2025-07-14 21:16:37', 0),
(678, 6, 2, '2025-07-14 21:16:37', 0),
(679, 1, 5, '2025-07-14 21:16:37', 0),
(680, 2, 5, '2025-07-14 21:16:37', 0),
(681, 3, 5, '2025-07-14 21:16:37', 0),
(682, 4, 5, '2025-07-14 21:16:37', 0),
(683, 5, 5, '2025-07-14 21:16:37', 0),
(684, 6, 5, '2025-07-14 21:16:37', 0),
(685, 1, 4, '2025-07-14 21:16:37', 0),
(686, 2, 4, '2025-07-14 21:16:37', 0),
(687, 3, 4, '2025-07-14 21:16:37', 0),
(688, 4, 4, '2025-07-14 21:16:37', 0),
(689, 5, 4, '2025-07-14 21:16:37', 0),
(690, 6, 4, '2025-07-14 21:16:37', 0),
(691, 1, 3, '2025-07-14 21:16:37', 0),
(692, 2, 3, '2025-07-14 21:16:37', 0),
(693, 3, 3, '2025-07-14 21:16:37', 0),
(694, 4, 3, '2025-07-14 21:16:37', 0),
(695, 5, 3, '2025-07-14 21:16:37', 0),
(696, 6, 3, '2025-07-14 21:16:37', 0),
(697, 1, 1, '2025-09-17 21:37:22', 0),
(698, 2, 1, '2025-09-17 21:37:22', 0),
(699, 3, 1, '2025-09-17 21:37:22', 0),
(700, 4, 1, '2025-09-17 21:37:22', 0),
(701, 5, 1, '2025-09-17 21:37:22', 0),
(702, 6, 1, '2025-09-17 21:37:22', 0),
(703, 1, 2, '2025-09-17 21:37:22', 0),
(704, 2, 2, '2025-09-17 21:37:22', 0),
(705, 3, 2, '2025-09-17 21:37:22', 0),
(706, 4, 2, '2025-09-17 21:37:22', 0),
(707, 5, 2, '2025-09-17 21:37:22', 0),
(708, 6, 2, '2025-09-17 21:37:22', 0),
(709, 1, 5, '2025-09-17 21:37:22', 0),
(710, 2, 5, '2025-09-17 21:37:22', 0),
(711, 3, 5, '2025-09-17 21:37:22', 0),
(712, 4, 5, '2025-09-17 21:37:22', 0),
(713, 5, 5, '2025-09-17 21:37:22', 0),
(714, 6, 5, '2025-09-17 21:37:22', 0),
(715, 1, 4, '2025-09-17 21:37:22', 0),
(716, 2, 4, '2025-09-17 21:37:22', 0),
(717, 3, 4, '2025-09-17 21:37:22', 0),
(718, 4, 4, '2025-09-17 21:37:22', 0),
(719, 5, 4, '2025-09-17 21:37:22', 0),
(720, 6, 4, '2025-09-17 21:37:22', 0),
(721, 1, 3, '2025-09-17 21:37:22', 0),
(722, 2, 3, '2025-09-17 21:37:22', 0),
(723, 3, 3, '2025-09-17 21:37:22', 0),
(724, 4, 3, '2025-09-17 21:37:22', 0),
(725, 5, 3, '2025-09-17 21:37:22', 0),
(726, 6, 3, '2025-09-17 21:37:22', 0),
(727, 1, 1, '2025-09-17 21:37:32', 0),
(728, 2, 1, '2025-09-17 21:37:32', 0),
(729, 3, 1, '2025-09-17 21:37:32', 0),
(730, 4, 1, '2025-09-17 21:37:32', 0),
(731, 5, 1, '2025-09-17 21:37:32', 0),
(732, 6, 1, '2025-09-17 21:37:32', 0),
(733, 1, 2, '2025-09-17 21:37:32', 0),
(734, 2, 2, '2025-09-17 21:37:32', 0),
(735, 3, 2, '2025-09-17 21:37:32', 0),
(736, 4, 2, '2025-09-17 21:37:32', 0),
(737, 5, 2, '2025-09-17 21:37:32', 0),
(738, 6, 2, '2025-09-17 21:37:32', 0),
(739, 1, 5, '2025-09-17 21:37:32', 0),
(740, 2, 5, '2025-09-17 21:37:32', 0),
(741, 3, 5, '2025-09-17 21:37:32', 0),
(742, 4, 5, '2025-09-17 21:37:32', 0),
(743, 5, 5, '2025-09-17 21:37:32', 0),
(744, 6, 5, '2025-09-17 21:37:32', 0),
(745, 1, 4, '2025-09-17 21:37:32', 0),
(746, 2, 4, '2025-09-17 21:37:32', 0),
(747, 3, 4, '2025-09-17 21:37:32', 0),
(748, 4, 4, '2025-09-17 21:37:32', 0),
(749, 5, 4, '2025-09-17 21:37:32', 0),
(750, 6, 4, '2025-09-17 21:37:32', 0),
(751, 1, 3, '2025-09-17 21:37:32', 0),
(752, 2, 3, '2025-09-17 21:37:32', 0),
(753, 3, 3, '2025-09-17 21:37:32', 0),
(754, 4, 3, '2025-09-17 21:37:32', 0),
(755, 5, 3, '2025-09-17 21:37:32', 0),
(756, 6, 3, '2025-09-17 21:37:32', 0),
(757, 1, 1, '2025-09-17 21:37:39', 0),
(758, 2, 1, '2025-09-17 21:37:39', 0),
(759, 3, 1, '2025-09-17 21:37:39', 0),
(760, 4, 1, '2025-09-17 21:37:40', 0),
(761, 5, 1, '2025-09-17 21:37:40', 0),
(762, 6, 1, '2025-09-17 21:37:40', 0),
(763, 1, 2, '2025-09-17 21:37:40', 0),
(764, 2, 2, '2025-09-17 21:37:40', 0),
(765, 3, 2, '2025-09-17 21:37:40', 0),
(766, 4, 2, '2025-09-17 21:37:40', 0),
(767, 5, 2, '2025-09-17 21:37:40', 0),
(768, 6, 2, '2025-09-17 21:37:40', 0),
(769, 1, 5, '2025-09-17 21:37:40', 0),
(770, 2, 5, '2025-09-17 21:37:40', 0),
(771, 3, 5, '2025-09-17 21:37:40', 0),
(772, 4, 5, '2025-09-17 21:37:40', 0),
(773, 5, 5, '2025-09-17 21:37:40', 0),
(774, 6, 5, '2025-09-17 21:37:40', 0),
(775, 1, 4, '2025-09-17 21:37:40', 0),
(776, 2, 4, '2025-09-17 21:37:40', 0),
(777, 3, 4, '2025-09-17 21:37:40', 0),
(778, 4, 4, '2025-09-17 21:37:40', 0),
(779, 5, 4, '2025-09-17 21:37:40', 0),
(780, 6, 4, '2025-09-17 21:37:40', 0),
(781, 1, 3, '2025-09-17 21:37:40', 0),
(782, 2, 3, '2025-09-17 21:37:40', 0),
(783, 3, 3, '2025-09-17 21:37:40', 0),
(784, 4, 3, '2025-09-17 21:37:40', 0),
(785, 5, 3, '2025-09-17 21:37:40', 0),
(786, 6, 3, '2025-09-17 21:37:40', 0),
(787, 1, 1, '2025-09-19 19:49:04', 0),
(788, 2, 1, '2025-09-19 19:49:04', 0),
(789, 3, 1, '2025-09-19 19:49:04', 0),
(790, 4, 1, '2025-09-19 19:49:04', 0),
(791, 5, 1, '2025-09-19 19:49:04', 0),
(792, 6, 1, '2025-09-19 19:49:04', 0),
(793, 1, 2, '2025-09-19 19:49:04', 0),
(794, 2, 2, '2025-09-19 19:49:04', 0),
(795, 3, 2, '2025-09-19 19:49:04', 0),
(796, 4, 2, '2025-09-19 19:49:04', 0),
(797, 5, 2, '2025-09-19 19:49:04', 0),
(798, 6, 2, '2025-09-19 19:49:04', 0),
(799, 1, 5, '2025-09-19 19:49:04', 0),
(800, 2, 5, '2025-09-19 19:49:04', 0),
(801, 3, 5, '2025-09-19 19:49:04', 0),
(802, 4, 5, '2025-09-19 19:49:04', 0),
(803, 5, 5, '2025-09-19 19:49:04', 0),
(804, 6, 5, '2025-09-19 19:49:04', 0),
(805, 1, 4, '2025-09-19 19:49:04', 0),
(806, 2, 4, '2025-09-19 19:49:04', 0),
(807, 3, 4, '2025-09-19 19:49:04', 0),
(808, 4, 4, '2025-09-19 19:49:04', 0),
(809, 5, 4, '2025-09-19 19:49:04', 0),
(810, 6, 4, '2025-09-19 19:49:04', 0),
(811, 1, 3, '2025-09-19 19:49:04', 0),
(812, 2, 3, '2025-09-19 19:49:04', 0),
(813, 3, 3, '2025-09-19 19:49:04', 0),
(814, 4, 3, '2025-09-19 19:49:04', 0),
(815, 5, 3, '2025-09-19 19:49:04', 0),
(816, 6, 3, '2025-09-19 19:49:04', 0),
(817, 1, 1, '2025-09-19 19:49:15', 0),
(818, 2, 1, '2025-09-19 19:49:15', 0),
(819, 3, 1, '2025-09-19 19:49:15', 0),
(820, 4, 1, '2025-09-19 19:49:15', 0),
(821, 5, 1, '2025-09-19 19:49:15', 0),
(822, 6, 1, '2025-09-19 19:49:15', 0),
(823, 1, 2, '2025-09-19 19:49:15', 0),
(824, 2, 2, '2025-09-19 19:49:15', 0),
(825, 3, 2, '2025-09-19 19:49:15', 0),
(826, 4, 2, '2025-09-19 19:49:15', 0),
(827, 5, 2, '2025-09-19 19:49:15', 0),
(828, 6, 2, '2025-09-19 19:49:15', 0),
(829, 1, 5, '2025-09-19 19:49:15', 0),
(830, 2, 5, '2025-09-19 19:49:15', 0),
(831, 3, 5, '2025-09-19 19:49:15', 0),
(832, 4, 5, '2025-09-19 19:49:15', 0),
(833, 5, 5, '2025-09-19 19:49:15', 0),
(834, 6, 5, '2025-09-19 19:49:15', 0),
(835, 1, 4, '2025-09-19 19:49:15', 0),
(836, 2, 4, '2025-09-19 19:49:15', 0),
(837, 3, 4, '2025-09-19 19:49:15', 0),
(838, 4, 4, '2025-09-19 19:49:15', 0),
(839, 5, 4, '2025-09-19 19:49:15', 0),
(840, 6, 4, '2025-09-19 19:49:15', 0),
(841, 1, 3, '2025-09-19 19:49:15', 0),
(842, 2, 3, '2025-09-19 19:49:15', 0),
(843, 3, 3, '2025-09-19 19:49:15', 0),
(844, 4, 3, '2025-09-19 19:49:15', 0),
(845, 5, 3, '2025-09-19 19:49:15', 0),
(846, 6, 3, '2025-09-19 19:49:15', 0),
(847, 1, 1, '2025-09-20 21:01:18', 0),
(848, 2, 1, '2025-09-20 21:01:18', 0),
(849, 3, 1, '2025-09-20 21:01:18', 0),
(850, 4, 1, '2025-09-20 21:01:18', 0),
(851, 5, 1, '2025-09-20 21:01:18', 0),
(852, 6, 1, '2025-09-20 21:01:18', 0),
(853, 1, 2, '2025-09-20 21:01:18', 0),
(854, 2, 2, '2025-09-20 21:01:18', 0),
(855, 3, 2, '2025-09-20 21:01:18', 0),
(856, 4, 2, '2025-09-20 21:01:18', 0),
(857, 5, 2, '2025-09-20 21:01:18', 0),
(858, 6, 2, '2025-09-20 21:01:18', 0),
(859, 1, 5, '2025-09-20 21:01:18', 0),
(860, 2, 5, '2025-09-20 21:01:18', 0),
(861, 3, 5, '2025-09-20 21:01:18', 0),
(862, 4, 5, '2025-09-20 21:01:18', 0),
(863, 5, 5, '2025-09-20 21:01:18', 0),
(864, 6, 5, '2025-09-20 21:01:18', 0),
(865, 1, 4, '2025-09-20 21:01:18', 0),
(866, 2, 4, '2025-09-20 21:01:18', 0),
(867, 3, 4, '2025-09-20 21:01:18', 0),
(868, 4, 4, '2025-09-20 21:01:18', 0),
(869, 5, 4, '2025-09-20 21:01:18', 0),
(870, 6, 4, '2025-09-20 21:01:18', 0),
(871, 1, 3, '2025-09-20 21:01:18', 0),
(872, 2, 3, '2025-09-20 21:01:18', 0),
(873, 3, 3, '2025-09-20 21:01:19', 0),
(874, 4, 3, '2025-09-20 21:01:19', 0),
(875, 5, 3, '2025-09-20 21:01:19', 0),
(876, 6, 3, '2025-09-20 21:01:19', 0),
(877, 1, 1, '2025-09-20 21:01:28', 0),
(878, 2, 1, '2025-09-20 21:01:28', 0),
(879, 3, 1, '2025-09-20 21:01:28', 0),
(880, 4, 1, '2025-09-20 21:01:28', 0),
(881, 5, 1, '2025-09-20 21:01:28', 0),
(882, 6, 1, '2025-09-20 21:01:28', 0),
(883, 1, 2, '2025-09-20 21:01:28', 0),
(884, 2, 2, '2025-09-20 21:01:28', 0),
(885, 3, 2, '2025-09-20 21:01:28', 0),
(886, 4, 2, '2025-09-20 21:01:28', 0),
(887, 5, 2, '2025-09-20 21:01:28', 0),
(888, 6, 2, '2025-09-20 21:01:28', 0),
(889, 1, 5, '2025-09-20 21:01:28', 0),
(890, 2, 5, '2025-09-20 21:01:28', 0),
(891, 3, 5, '2025-09-20 21:01:28', 0),
(892, 4, 5, '2025-09-20 21:01:28', 0),
(893, 5, 5, '2025-09-20 21:01:28', 0),
(894, 6, 5, '2025-09-20 21:01:28', 0),
(895, 1, 4, '2025-09-20 21:01:28', 0),
(896, 2, 4, '2025-09-20 21:01:28', 0),
(897, 3, 4, '2025-09-20 21:01:28', 0),
(898, 4, 4, '2025-09-20 21:01:28', 0),
(899, 5, 4, '2025-09-20 21:01:28', 0),
(900, 6, 4, '2025-09-20 21:01:28', 0),
(901, 1, 3, '2025-09-20 21:01:28', 0),
(902, 2, 3, '2025-09-20 21:01:28', 0),
(903, 3, 3, '2025-09-20 21:01:28', 0),
(904, 4, 3, '2025-09-20 21:01:28', 0),
(905, 5, 3, '2025-09-20 21:01:28', 0),
(906, 6, 3, '2025-09-20 21:01:28', 0),
(907, 1, 1, '2025-09-20 21:01:46', 0),
(908, 2, 1, '2025-09-20 21:01:46', 0),
(909, 3, 1, '2025-09-20 21:01:46', 0),
(910, 4, 1, '2025-09-20 21:01:46', 0),
(911, 5, 1, '2025-09-20 21:01:46', 0),
(912, 6, 1, '2025-09-20 21:01:46', 0),
(913, 1, 2, '2025-09-20 21:01:46', 0),
(914, 2, 2, '2025-09-20 21:01:46', 0),
(915, 3, 2, '2025-09-20 21:01:46', 0),
(916, 4, 2, '2025-09-20 21:01:46', 0),
(917, 5, 2, '2025-09-20 21:01:46', 0),
(918, 6, 2, '2025-09-20 21:01:46', 0),
(919, 1, 5, '2025-09-20 21:01:46', 0),
(920, 2, 5, '2025-09-20 21:01:46', 0),
(921, 3, 5, '2025-09-20 21:01:46', 0),
(922, 4, 5, '2025-09-20 21:01:46', 0),
(923, 5, 5, '2025-09-20 21:01:46', 0),
(924, 6, 5, '2025-09-20 21:01:46', 0),
(925, 1, 4, '2025-09-20 21:01:46', 0),
(926, 2, 4, '2025-09-20 21:01:46', 0),
(927, 3, 4, '2025-09-20 21:01:46', 0),
(928, 4, 4, '2025-09-20 21:01:46', 0),
(929, 5, 4, '2025-09-20 21:01:46', 0),
(930, 6, 4, '2025-09-20 21:01:46', 0),
(931, 1, 3, '2025-09-20 21:01:46', 0),
(932, 2, 3, '2025-09-20 21:01:46', 0),
(933, 3, 3, '2025-09-20 21:01:46', 0),
(934, 4, 3, '2025-09-20 21:01:46', 0),
(935, 5, 3, '2025-09-20 21:01:46', 0),
(936, 6, 3, '2025-09-20 21:01:46', 0);

-- --------------------------------------------------------

--
-- Estructura de tabla para la tabla `opiniones`
--

CREATE TABLE `opiniones` (
  `id` int(11) NOT NULL,
  `usuario_id` int(11) DEFAULT NULL,
  `aceite_id` int(11) DEFAULT NULL,
  `calificacion` int(11) DEFAULT NULL,
  `comentario` text DEFAULT NULL,
  `fecha` datetime DEFAULT current_timestamp()
) ENGINE=InnoDB DEFAULT CHARSET=utf8mb4 COLLATE=utf8mb4_unicode_ci;

-- --------------------------------------------------------

--
-- Estructura de tabla para la tabla `tips`
--

CREATE TABLE `tips` (
  `id` int(11) NOT NULL,
  `titulo` varchar(255) DEFAULT NULL,
  `contenido` text DEFAULT NULL,
  `imagen_url` text DEFAULT NULL,
  `video_url` text DEFAULT NULL,
  `tipo` varchar(50) DEFAULT NULL,
  `fecha_publicacion` datetime DEFAULT current_timestamp(),
  `likes` int(11) DEFAULT 0,
  `dislikes` int(11) DEFAULT 0
) ENGINE=InnoDB DEFAULT CHARSET=utf8mb4 COLLATE=utf8mb4_unicode_ci;

--
-- Volcado de datos para la tabla `tips`
--

INSERT INTO `tips` (`id`, `titulo`, `contenido`, `imagen_url`, `video_url`, `tipo`, `fecha_publicacion`, `likes`, `dislikes`) VALUES
(1, 'Cómo usar aceites esenciales de forma segura', 'Siempre diluye los aceites esenciales antes de aplicarlos en la piel. Usa un aceite portador como aceite de coco o jojoba. La regla general es 1-2 gotas de aceite esencial por cada cucharada de aceite portador.', NULL, NULL, 'seguridad', '2025-07-11 10:00:00', 0, 0),
(2, 'Mejores aceites para relajación', 'Para crear un ambiente relajante, prueba con lavanda, manzanilla o ylang-ylang. Puedes usar 3-5 gotas en un difusor o agregar unas gotas a un baño tibio.', NULL, NULL, 'relajacion', '2025-07-11 10:00:00', 0, 0),
(3, 'Aceites energizantes para el día', 'Cuando necesites energía, los aceites cítricos como naranja, limón o pomelo son perfectos. También puedes usar menta o romero para despertar tus sentidos.', NULL, NULL, 'energia', '2025-07-11 10:00:00', 0, 0),
(4, 'Cómo hacer tu propio spray aromático', 'Mezcla 10-15 gotas de tu aceite favorito con 100ml de agua destilada en una botella spray. Agita bien antes de usar y rocía en el ambiente.', NULL, NULL, 'diy', '2025-07-11 10:00:00', 0, 0),
(5, 'Aceites para mejorar el sueño', 'Coloca 2-3 gotas de lavanda en tu almohada o usa un difusor con aceites relajantes 30 minutos antes de dormir. También puedes probar con manzanilla o cedro.', NULL, NULL, 'sueño', '2025-07-11 10:00:00', 0, 0),
(6, 'Primeros auxilios con aceites', 'El aceite de árbol de té (diluido) es excelente para pequeñas heridas. La lavanda puede ayudar con quemaduras menores. Siempre consulta a un médico para heridas graves.', NULL, NULL, 'salud', '2025-07-11 10:00:00', 0, 0),
(7, 'relajacion', 'aceite de lavanda', '', NULL, 'reñajacion', '2025-07-13 13:23:34', 0, 0),
(8, 'consejo', 'prueba', '', NULL, 'seguridad', '2025-07-13 14:38:48', 0, 0),
(9, 'aaa', 'aaa', '', NULL, 'seguridad', '2025-09-20 21:01:46', 0, 0);

-- --------------------------------------------------------

--
-- Estructura de tabla para la tabla `usuarios`
--

CREATE TABLE `usuarios` (
  `id` int(11) NOT NULL,
  `uid` varchar(255) DEFAULT NULL,
  `nombre_usuario` varchar(50) NOT NULL,
  `clave` varchar(255) NOT NULL,
  `email` varchar(255) NOT NULL,
  `telefono` varchar(20) DEFAULT NULL,
  `nombre_completo` varchar(100) DEFAULT NULL,
  `foto_perfil_url` text DEFAULT NULL,
  `modo` varchar(50) DEFAULT 'email',
  `nivel` varchar(50) DEFAULT 'Novato',
  `rol` varchar(20) DEFAULT 'usuario',
  `pregunta_seguridad` varchar(255) DEFAULT NULL,
  `respuesta_seguridad` varchar(255) DEFAULT NULL,
  `activo` tinyint(1) DEFAULT 1,
  `fecha_registro` datetime DEFAULT current_timestamp()
) ENGINE=InnoDB DEFAULT CHARSET=utf8mb4 COLLATE=utf8mb4_unicode_ci;

--
-- Volcado de datos para la tabla `usuarios`
--

INSERT INTO `usuarios` (`id`, `uid`, `nombre_usuario`, `clave`, `email`, `telefono`, `nombre_completo`, `foto_perfil_url`, `modo`, `nivel`, `rol`, `pregunta_seguridad`, `respuesta_seguridad`, `activo`, `fecha_registro`) VALUES
(1, 'admin-super-001', 'admin', '$2y$10$MB7ZjrAuy1hCsEIQtloy4Owbkj1wVzyDB6vx1caA7GuMrk6q5y8da', 'admin@alquimia.com', NULL, 'Administrador Principal', NULL, 'email', 'Experto', 'admin', '¿Cuál es la clave maestra?', 'alquimia2025', 1, '2025-07-13 12:38:20'),
(2, 'admin-secondary-002', 'administrador', '$2y$10$MB7ZjrAuy1hCsEIQtloy4Owbkj1wVzyDB6vx1caA7GuMrk6q5y8da', 'administrador@alquimia.com', NULL, 'Administrador Secundario', NULL, 'email', 'Experto', 'admin', '¿Cuál es tu sistema favorito?', 'alquimia', 1, '2025-07-13 12:38:20'),
(3, 'user-test-001', 'usuario', '$2y$10$h7zy3YZz3TcEEFmKbOCIpeXD578JsyiydSC4ED8d0yTVMLlsZoAqe', 'usuario@alquimia.com', NULL, 'Usuario de Prueba', NULL, 'email', 'Novato', 'usuario', '¿Cuál es tu color favorito?', 'azul', 1, '2025-07-13 12:38:20'),
(4, 'user-test-002', 'test', '$2y$10$fIhqm.fTRywJeN6S/MIBduSbLENrjj8zh1ONFN9Db.SGtUmLCgIMG', 'test@alquimia.com', NULL, 'Usuario Test', NULL, 'email', 'Novato', 'usuario', '¿Cuál es tu animal favorito?', 'perro', 1, '2025-07-13 12:38:20'),
(5, NULL, 'prueba', '$2y$10$Xch6eMCphaLk7xF9P5mPeOtm5pWHQn.u1nEFq9bsAAYf5Pas/OMA6', 'usu@gmail.com', '123456', 'kevin', NULL, 'email', 'Novato', 'usuario', '¿En qué ciudad naciste?', 'ambato', 1, '2025-07-13 13:12:32');

-- --------------------------------------------------------

--
-- Estructura de tabla para la tabla `usuarios_logros`
--

CREATE TABLE `usuarios_logros` (
  `id` int(11) NOT NULL,
  `usuario_id` int(11) DEFAULT NULL,
  `logro_id` int(11) DEFAULT NULL,
  `fecha_logro` datetime DEFAULT current_timestamp()
) ENGINE=InnoDB DEFAULT CHARSET=utf8mb4 COLLATE=utf8mb4_unicode_ci;

--
-- Índices para tablas volcadas
--

--
-- Indices de la tabla `aceites`
--
ALTER TABLE `aceites`
  ADD PRIMARY KEY (`id`);

--
-- Indices de la tabla `chatlogs`
--
ALTER TABLE `chatlogs`
  ADD PRIMARY KEY (`id`),
  ADD KEY `usuario_id` (`usuario_id`);

--
-- Indices de la tabla `estadisticas_usuario`
--
ALTER TABLE `estadisticas_usuario`
  ADD PRIMARY KEY (`usuario_id`);

--
-- Indices de la tabla `favoritos`
--
ALTER TABLE `favoritos`
  ADD PRIMARY KEY (`id`),
  ADD KEY `usuario_id` (`usuario_id`);

--
-- Indices de la tabla `historial_recomendaciones`
--
ALTER TABLE `historial_recomendaciones`
  ADD PRIMARY KEY (`id`),
  ADD KEY `usuario_id` (`usuario_id`);

--
-- Indices de la tabla `imagenes_identificadas`
--
ALTER TABLE `imagenes_identificadas`
  ADD PRIMARY KEY (`id`),
  ADD KEY `usuario_id` (`usuario_id`);

--
-- Indices de la tabla `logros`
--
ALTER TABLE `logros`
  ADD PRIMARY KEY (`id`);

--
-- Indices de la tabla `notificaciones`
--
ALTER TABLE `notificaciones`
  ADD PRIMARY KEY (`id`);

--
-- Indices de la tabla `notificaciones_recibidas`
--
ALTER TABLE `notificaciones_recibidas`
  ADD PRIMARY KEY (`id`),
  ADD KEY `notificacion_id` (`notificacion_id`),
  ADD KEY `usuario_id` (`usuario_id`);

--
-- Indices de la tabla `opiniones`
--
ALTER TABLE `opiniones`
  ADD PRIMARY KEY (`id`),
  ADD KEY `usuario_id` (`usuario_id`),
  ADD KEY `aceite_id` (`aceite_id`);

--
-- Indices de la tabla `tips`
--
ALTER TABLE `tips`
  ADD PRIMARY KEY (`id`);

--
-- Indices de la tabla `usuarios`
--
ALTER TABLE `usuarios`
  ADD PRIMARY KEY (`id`),
  ADD UNIQUE KEY `nombre_usuario` (`nombre_usuario`),
  ADD UNIQUE KEY `email` (`email`),
  ADD UNIQUE KEY `uid` (`uid`);

--
-- Indices de la tabla `usuarios_logros`
--
ALTER TABLE `usuarios_logros`
  ADD PRIMARY KEY (`id`),
  ADD KEY `usuario_id` (`usuario_id`),
  ADD KEY `logro_id` (`logro_id`);

--
-- AUTO_INCREMENT de las tablas volcadas
--

--
-- AUTO_INCREMENT de la tabla `aceites`
--
ALTER TABLE `aceites`
  MODIFY `id` int(11) NOT NULL AUTO_INCREMENT, AUTO_INCREMENT=7;

--
-- AUTO_INCREMENT de la tabla `chatlogs`
--
ALTER TABLE `chatlogs`
  MODIFY `id` int(11) NOT NULL AUTO_INCREMENT, AUTO_INCREMENT=19;

--
-- AUTO_INCREMENT de la tabla `favoritos`
--
ALTER TABLE `favoritos`
  MODIFY `id` int(11) NOT NULL AUTO_INCREMENT, AUTO_INCREMENT=2;

--
-- AUTO_INCREMENT de la tabla `historial_recomendaciones`
--
ALTER TABLE `historial_recomendaciones`
  MODIFY `id` int(11) NOT NULL AUTO_INCREMENT;

--
-- AUTO_INCREMENT de la tabla `imagenes_identificadas`
--
ALTER TABLE `imagenes_identificadas`
  MODIFY `id` int(11) NOT NULL AUTO_INCREMENT;

--
-- AUTO_INCREMENT de la tabla `logros`
--
ALTER TABLE `logros`
  MODIFY `id` int(11) NOT NULL AUTO_INCREMENT;

--
-- AUTO_INCREMENT de la tabla `notificaciones`
--
ALTER TABLE `notificaciones`
  MODIFY `id` int(11) NOT NULL AUTO_INCREMENT, AUTO_INCREMENT=7;

--
-- AUTO_INCREMENT de la tabla `notificaciones_recibidas`
--
ALTER TABLE `notificaciones_recibidas`
  MODIFY `id` int(11) NOT NULL AUTO_INCREMENT, AUTO_INCREMENT=937;

--
-- AUTO_INCREMENT de la tabla `opiniones`
--
ALTER TABLE `opiniones`
  MODIFY `id` int(11) NOT NULL AUTO_INCREMENT;

--
-- AUTO_INCREMENT de la tabla `tips`
--
ALTER TABLE `tips`
  MODIFY `id` int(11) NOT NULL AUTO_INCREMENT, AUTO_INCREMENT=10;

--
-- AUTO_INCREMENT de la tabla `usuarios`
--
ALTER TABLE `usuarios`
  MODIFY `id` int(11) NOT NULL AUTO_INCREMENT, AUTO_INCREMENT=6;

--
-- AUTO_INCREMENT de la tabla `usuarios_logros`
--
ALTER TABLE `usuarios_logros`
  MODIFY `id` int(11) NOT NULL AUTO_INCREMENT;

--
-- Restricciones para tablas volcadas
--

--
-- Filtros para la tabla `chatlogs`
--
ALTER TABLE `chatlogs`
  ADD CONSTRAINT `chatlogs_ibfk_1` FOREIGN KEY (`usuario_id`) REFERENCES `usuarios` (`id`);

--
-- Filtros para la tabla `estadisticas_usuario`
--
ALTER TABLE `estadisticas_usuario`
  ADD CONSTRAINT `estadisticas_usuario_ibfk_1` FOREIGN KEY (`usuario_id`) REFERENCES `usuarios` (`id`);

--
-- Filtros para la tabla `favoritos`
--
ALTER TABLE `favoritos`
  ADD CONSTRAINT `favoritos_ibfk_1` FOREIGN KEY (`usuario_id`) REFERENCES `usuarios` (`id`);

--
-- Filtros para la tabla `historial_recomendaciones`
--
ALTER TABLE `historial_recomendaciones`
  ADD CONSTRAINT `historial_recomendaciones_ibfk_1` FOREIGN KEY (`usuario_id`) REFERENCES `usuarios` (`id`);

--
-- Filtros para la tabla `imagenes_identificadas`
--
ALTER TABLE `imagenes_identificadas`
  ADD CONSTRAINT `imagenes_identificadas_ibfk_1` FOREIGN KEY (`usuario_id`) REFERENCES `usuarios` (`id`);

--
-- Filtros para la tabla `notificaciones_recibidas`
--
ALTER TABLE `notificaciones_recibidas`
  ADD CONSTRAINT `notificaciones_recibidas_ibfk_1` FOREIGN KEY (`notificacion_id`) REFERENCES `notificaciones` (`id`),
  ADD CONSTRAINT `notificaciones_recibidas_ibfk_2` FOREIGN KEY (`usuario_id`) REFERENCES `usuarios` (`id`);

--
-- Filtros para la tabla `opiniones`
--
ALTER TABLE `opiniones`
  ADD CONSTRAINT `opiniones_ibfk_1` FOREIGN KEY (`usuario_id`) REFERENCES `usuarios` (`id`),
  ADD CONSTRAINT `opiniones_ibfk_2` FOREIGN KEY (`aceite_id`) REFERENCES `aceites` (`id`);

--
-- Filtros para la tabla `usuarios_logros`
--
ALTER TABLE `usuarios_logros`
  ADD CONSTRAINT `usuarios_logros_ibfk_1` FOREIGN KEY (`usuario_id`) REFERENCES `usuarios` (`id`),
  ADD CONSTRAINT `usuarios_logros_ibfk_2` FOREIGN KEY (`logro_id`) REFERENCES `logros` (`id`);
COMMIT;

/*!40101 SET CHARACTER_SET_CLIENT=@OLD_CHARACTER_SET_CLIENT */;
/*!40101 SET CHARACTER_SET_RESULTS=@OLD_CHARACTER_SET_RESULTS */;
/*!40101 SET COLLATION_CONNECTION=@OLD_COLLATION_CONNECTION */;
